Date,DailyRevenue,DailyInvoices,DailyQuantity
2010-12-01,58451.56,133,26635
2010-12-02,46088.32,165,20977
2010-12-03,45575.38,75,15867
2010-12-05,30973.63,95,16186
2010-12-06,53653.87,120,21320
2010-12-07,44994.7,102,25076
2010-12-08,44035.22,139,22743
2010-12-09,52494.14,141,19387
2010-12-10,57303.01,84,20341
2010-12-12,17037.5,51,10499
2010-12-13,35315.0,84,17597
2010-12-14,42756.12,141,19626
2010-12-15,29383.44,97,18194
2010-12-16,48095.590000000004,150,29545
2010-12-17,43453.99,71,16045
2010-12-19,7392.87,25,3730
2010-12-20,24718.85,88,14086
2010-12-21,47073.74,65,15414
2010-12-22,6134.570000000001,22,3059
2010-12-23,11792.11,37,5682
2011-01-04,14930.13,43,8398
2011-01-05,-1570.43,72,19497
2011-01-06,37376.34,76,22662
2011-01-07,27233.14,58,16475
2011-01-09,15524.53,51,8105
2011-01-10,24175.64,44,12833
2011-01-11,67792.08,78,28122
2011-01-12,23929.579999999998,59,10487
2011-01-13,20521.69,50,10151
2011-01-14,47354.94,56,23081
2011-01-16,6850.94,29,4063
2011-01-17,29185.7,55,13323
2011-01-18,18650.479999999996,49,8720
2011-01-19,25525.81,40,17238
2011-01-20,17948.26,51,10398
2011-01-21,31974.69,62,15045
2011-01-23,10191.8,30,5153
2011-01-24,25316.32,59,11896
2011-01-25,27846.6,86,14717
2011-01-26,19426.95,69,10868
2011-01-27,20985.6,70,10969
2011-01-28,18541.47,49,9176
2011-01-30,6383.3,25,3319
2011-01-31,22353.0,85,12559
2011-02-01,28411.52,77,15667
2011-02-02,20994.37,70,9665
2011-02-03,23332.48,51,15648
2011-02-04,24967.82,58,12639
2011-02-06,3439.67,11,2036
2011-02-07,25493.95,51,8901
2011-02-08,20713.45,52,10052
2011-02-09,16682.63,29,7164
2011-02-10,13399.24,64,11427
2011-02-11,20367.78,89,9986
2011-02-13,5467.25,24,2682
2011-02-14,26212.93,54,13507
2011-02-15,36808.55,66,22638
2011-02-16,24645.56,69,15951
2011-02-17,26346.72,72,14409
2011-02-18,15904.07,58,9078
2011-02-20,9392.0,29,5211
2011-02-21,23740.22,57,21448
2011-02-22,32248.77,63,21839
2011-02-23,26760.66,67,13711
2011-02-24,22646.88,64,11840
2011-02-25,18029.29,51,9887
2011-02-27,9347.26,35,4811
2011-02-28,21673.34,58,9872
2011-03-01,25461.43,66,12127
2011-03-02,18275.6,65,8528
2011-03-03,35805.76,69,19174
2011-03-04,19454.95,51,13552
2011-03-06,9550.48,35,4967
2011-03-07,30487.75,105,13811
2011-03-08,24970.97,51,14508
2011-03-09,21881.48,59,11831
2011-03-10,25595.94,84,15094
2011-03-11,21994.03,61,10486
2011-03-13,4106.72,17,2725
2011-03-14,25721.670000000002,60,16699
2011-03-15,20619.88,61,8881
2011-03-16,21077.09,58,12524
2011-03-17,38751.82,88,20562
2011-03-18,16706.32,76,13642
2011-03-20,21776.83,64,14008
2011-03-21,16334.22,69,10182
2011-03-22,31265.0,58,16468
2011-03-23,24016.29,68,14355
2011-03-24,36361.75,77,18091
2011-03-25,30764.78,65,13423
2011-03-27,8945.35,46,4374
2011-03-28,19163.54,72,11897
2011-03-29,70531.47,70,32744
2011-03-30,31425.68,90,20522
2011-03-31,30967.18,87,16249
2011-04-01,24289.91,87,17761
2011-04-03,6832.13,22,5639
2011-04-04,25053.26,75,13168
2011-04-05,28261.88,66,15226
2011-04-06,17255.35,46,9130
2011-04-07,18181.55,74,10389
2011-04-08,23244.09,81,12950
2011-04-10,9329.65,37,5497
2011-04-11,22102.97,73,13515
2011-04-12,25088.89,78,15154
2011-04-13,23864.05,75,18226
2011-04-14,35276.46,107,18475
2011-04-15,28304.831,57,12714
2011-04-17,12609.14,44,8134
2011-04-18,32143.42,93,20577
2011-04-19,23795.8,75,14362
2011-04-20,28236.24,79,18211
2011-04-21,31165.170000000002,86,18182
2011-04-26,30537.99,82,15841
2011-04-27,25564.27,77,18156
2011-04-28,21230.79,72,13002
2011-05-01,6949.11,21,3809
2011-05-03,19584.66,84,12289
2011-05-04,27440.11,74,17325
2011-05-05,28709.77,107,17284
2011-05-06,35711.21,92,19821
2011-05-08,18673.5,67,10611
2011-05-09,26044.18,81,13336
2011-05-10,45500.67,115,17749
2011-05-11,33200.96,92,18744
2011-05-12,59838.15,105,36299
2011-05-13,30673.96,74,15213
2011-05-15,9911.38,31,4895
2011-05-16,25279.77,78,15998
2011-05-17,53558.83,117,26611
2011-05-18,34230.11,80,18993
2011-05-19,34317.11,119,17629
2011-05-20,26118.3,84,15276
2011-05-22,24076.28,62,12632
2011-05-23,30664.59,100,17959
2011-05-24,37027.26,95,15759
2011-05-25,24138.06,76,13134
2011-05-26,33208.59,74,16107
2011-05-27,28178.09,80,16126
2011-05-29,7152.9400000000005,25,4027
2011-05-31,21906.51,62,11507
2011-06-01,20180.7,65,10855
2011-06-02,32476.36,76,14441
2011-06-03,16732.85,49,7619
2011-06-05,25304.57,70,13366
2011-06-06,16786.44,73,9166
2011-06-07,37543.89,93,18624
2011-06-08,42871.01,105,21034
2011-06-09,45468.17,98,28205
2011-06-10,22540.660000000003,63,10335
2011-06-12,12408.74,40,9448
2011-06-13,20350.48,87,9376
2011-06-14,40185.45,63,14484
2011-06-15,46015.82,76,29855
2011-06-16,34076.06,96,20227
2011-06-17,20795.02,59,11667
2011-06-19,22339.31,64,15048
2011-06-20,33467.66,96,15711
2011-06-21,22728.51,80,13538
2011-06-22,21768.27,64,15809
2011-06-23,24186.12,87,14231
2011-06-24,8614.21,60,9967
2011-06-26,6125.04,36,3469
2011-06-27,16793.41,58,9838
2011-06-28,34643.15,68,21609
2011-06-29,21774.579999999998,57,11928
2011-06-30,43800.75,79,21325
2011-07-01,13128.97,60,7202
2011-07-03,5917.4800000000005,27,3080
2011-07-04,44110.95,62,15668
2011-07-05,40331.22,84,21657
2011-07-06,26253.32,76,19117
2011-07-07,31324.44,90,18344
2011-07-08,26815.329999999998,77,12637
2011-07-10,5657.74,29,4163
2011-07-11,22354.170000000002,64,15042
2011-07-12,25882.34,64,13799
2011-07-13,11590.72,66,16173
2011-07-14,32534.09,85,16942
2011-07-15,14436.33,51,7058
2011-07-17,17134.36,53,11017
2011-07-18,28426.54,86,14463
2011-07-19,49300.71,84,28947
2011-07-20,27249.5,70,16900
2011-07-21,30836.25,99,19592
2011-07-22,20010.34,53,10235
2011-07-24,26457.2,63,17262
2011-07-25,26676.89,65,16042
2011-07-26,21262.601,71,13513
2011-07-27,25559.260000000002,51,13948
2011-07-28,55680.46,104,30032
2011-07-29,18020.35,68,11425
2011-07-31,33205.43,43,19408
2011-08-01,21332.56,45,11637
2011-08-02,14942.22,61,15621
2011-08-03,27030.08,79,15727
2011-08-04,61023.23,89,38825
2011-08-05,21176.85,60,12708
2011-08-07,7432.02,33,5070
2011-08-08,19972.51,55,13058
2011-08-09,26616.0,59,16057
2011-08-10,27461.93,61,14343
2011-08-11,72071.89,83,39120
2011-08-12,10049.480000000001,55,11955
2011-08-14,5133.4800000000005,37,3127
2011-08-15,17197.52,52,10149
2011-08-16,19098.58,58,11159
2011-08-17,49177.020000000004,63,23501
2011-08-18,53177.840000000004,93,33805
2011-08-19,17235.02,61,10601
2011-08-21,14392.62,42,8076
2011-08-22,27972.489999999998,68,15373
2011-08-23,25741.21,73,15103
2011-08-24,36829.26,100,29126
2011-08-25,22404.85,92,13013
2011-08-26,25534.08,50,17106
2011-08-28,10666.31,39,6697
2011-08-30,31612.36,48,10114
2011-08-31,16105.05,85,7606
2011-09-01,37285.07,80,27821
2011-09-02,41649.33,88,18308
2011-09-04,16939.64,53,10898
2011-09-05,36585.25,74,22573
2011-09-06,28023.77,70,14939
2011-09-07,34125.65,58,16209
2011-09-08,26568.08,83,17134
2011-09-09,29258.4,86,17219
2011-09-11,35160.72,78,20882
2011-09-12,28827.27,90,16387
2011-09-13,54782.7,75,36509
2011-09-14,23346.46,83,14111
2011-09-15,62876.83,114,29138
2011-09-16,25854.11,60,14991
2011-09-18,15586.15,28,8909
2011-09-19,46193.2,91,29120
2011-09-20,109228.08,76,43652
2011-09-21,42913.11,100,20695
2011-09-22,56942.45,134,32275
2011-09-23,39399.13,83,21315
2011-09-25,31003.041,78,19248
2011-09-26,28604.541,74,15175
2011-09-27,35727.56,102,20836
2011-09-28,43327.06,110,25358
2011-09-29,43406.23,114,26139
2011-09-30,43982.85,88,22402
2011-10-02,11520.61,36,8327
2011-10-03,64081.9,76,25721
2011-10-04,48082.73,96,23927
2011-10-05,75111.56999999999,101,46045
2011-10-06,55177.01,186,31702
2011-10-07,47441.270000000004,99,30769
2011-10-09,11670.94,41,7004
2011-10-10,44148.37,129,25690
2011-10-11,40582.2,97,22235
2011-10-12,29226.68,100,15428
2011-10-13,36853.46,92,18542
2011-10-14,35172.48,80,17787
2011-10-16,21362.420000000002,39,8190
2011-10-17,46927.55,105,30205
2011-10-18,44583.6,96,28771
2011-10-19,35912.64,105,18992
2011-10-20,60639.38,106,40738
2011-10-21,62920.76,68,24715
2011-10-23,12119.82,45,6948
2011-10-24,37990.33,122,21659
2011-10-25,40685.4,83,26532
2011-10-26,37512.12,102,20571
2011-10-27,47390.21,131,32188
2011-10-28,39449.03,91,23974
2011-10-30,34372.0,97,19937
2011-10-31,48433.75,79,21480
2011-11-01,28678.3,93,16445
2011-11-02,45040.8,101,28039
2011-11-03,62683.48,115,34161
2011-11-04,59701.94,132,34069
2011-11-06,42479.65,104,23075
2011-11-07,69824.57,109,30594
2011-11-08,56504.45,142,25967
2011-11-09,62351.83,125,36163
2011-11-10,68815.98,165,37904
2011-11-11,54686.21,115,28654
2011-11-13,33341.65,93,20226
2011-11-14,111958.62,138,47043
2011-11-15,60400.74,118,30251
2011-11-16,64123.06,143,31813
2011-11-17,60127.91,155,31271
2011-11-18,47886.8,152,23604
2011-11-20,34352.65,105,19060
2011-11-21,48171.38,116,24783
2011-11-22,62080.98,155,34755
2011-11-23,78223.52,149,39043
2011-11-24,47860.86,123,24883
2011-11-25,50310.39,87,18752
2011-11-27,20239.79,59,10930
2011-11-28,55242.56,126,28515
2011-11-29,72008.09,146,30629
2011-11-30,59049.590000000004,144,28153
2011-12-01,51282.33,168,26774
2011-12-02,56898.47,130,28364
2011-12-04,24421.82,70,12280
2011-12-05,57630.200000000004,143,44372
2011-12-06,54109.39,146,29282
2011-12-07,74952.61,119,41681
2011-12-08,81294.33,140,34371
2011-12-09,32111.90999999999,49,12919
