Country,TotalRevenue,TotalInvoices,UniqueCustomers
United Kingdom,8167128.184,21393,3949
Netherlands,284661.54,100,9
Eire,262993.38,360,3
Germany,221509.47,603,95
France,197317.11,461,87
Australia,137009.77,69,9
Switzerland,56363.05,74,21
Spain,54756.03,105,31
Belgium,40910.96,119,25
Sweden,36585.41,46,8
Japan,35340.62,28,8
Norway,35163.46,40,10
Portugal,29302.97,71,19
Finland,22326.74,48,12
Channel Islands,20076.39,33,9
Denmark,18768.14,21,9
Italy,16890.51,55,15
Cyprus,12858.76,20,8
Austria,10154.32,19,11
Hong Kong,9908.24,15,0
Singapore,9120.39,10,1
Israel,7901.97,9,4
Poland,7213.14,24,6
Unspecified,4740.94,13,4
Greece,4710.52,6,4
Iceland,4310.0,7,1
Canada,3666.38,6,4
Malta,2505.47,10,2
United Arab Emirates,1902.28,3,2
Usa,1730.92,7,4
Lebanon,1693.88,1,1
Lithuania,1661.06,4,1
European Community,1291.75,5,1
Brazil,1143.6,1,1
Rsa,1002.3100000000001,1,1
Czech Republic,707.72,5,1
Bahrain,548.4,4,2
Saudi Arabia,131.17,2,1
