Year,Month,MonthName,YearMonth,TotalRevenue,TotalInvoices,TotalQuantity
2010,12,December,2010-12,746723.61,1885,342009
2011,1,January,2011-01,558448.5599999999,1346,307255
2011,2,February,2011-02,497026.41,1319,280069
2011,3,March,2011-03,682013.98,1772,371424
2011,4,April,2011-04,492367.841,1486,294309
2011,5,May,2011-05,722094.1,1995,389133
2011,6,June,2011-06,689977.23,1862,381175
2011,7,July,2011-07,680156.991,1745,393666
2011,8,August,2011-08,681386.46,1641,408677
2011,9,September,2011-09,1017596.682,2170,562243
2011,10,October,2011-10,1069368.23,2402,598077
2011,11,November,2011-11,1456145.8,3210,738782
2011,12,December,2011-12,432701.06,965,230043
